Date,Title,Type,Views,Reads,Read ratio,Fans,Avg Reading Time (MM:SS),Internal Views,Member Reading Time (HH:MM),Length,Earnings
March 2020,"OVER 100 Data Scientist Interview Questions and Answers!
In Towards Data ScienceView storyDetails",objective,164K,32K,20%,736,9:33,18.9K,573:58:00,45,"1,488.77"
February 2020,"40 Statistics Interview Problems and Answers for Data Scientists
In Towards Data ScienceView storyDetails",objective,111K,19.6K,18%,486,7:06,20K,515:50:00,15,"1,336.89"
January 2020,"All Machine Learning Models Explained in 6 Minutes
In Towards Data ScienceView storyDetails",objective,163K,60K,37%,1K,3:20,41K,455:13:00,7,"1,315.18"
September 2020,"How I’d Learn Data Science if I Could Start Over (2 years in)
In Towards Data ScienceView storyDetails",subjective,124K,41K,34%,1.5K,3:46,42K,310:50:00,6,"1,105.57"
December 2020,"A Complete 52 Week Curriculum to Become a Data Scientist in 2021
In Towards Data ScienceView storyDetails",subjective,131K,24K,18%,1.1K,3:41,43K,280:42:00,10,"1,040.34"
November 2020,"All Machine Learning Algorithms You Should Know in 2021
In Towards Data ScienceView storyDetails",objective,83K,28K,34%,724,3:52,36K,303:56:00,10,"1,035.61"
July 2020,"Ten SQL Concepts You Should Know for Data Science Interviews
In Towards Data ScienceView storyDetails",objective,109K,41K,38%,1K,3:46,31K,309:07:00,7,946.66
January 2021,"10 Statistical Concepts You Should Know For Data Science Interviews
In Towards Data ScienceView storyDetails",objective,52K,10.7K,21%,619,4:31,20K,279:34:00,9,908.17
November 2020,"Want to Be a Data Scientist? Don’t Start With Machine Learning.
In Towards Data ScienceView storyDetails",subjective,66K,27K,42%,625,2.13,32K,203:49:00,5,845.49
February 2020,"Amazon’s Data Scientist Interview Practice Problems
In Towards Data ScienceView storyDetails",objective,80K,26K,33%,437,3:05,20K,303:33:00,6,844.03
March 2021,"Why You Should Consider Being a Data Engineer Instead of a Data Scientist.
In Towards Data ScienceView storyDetails",subjective,69K,15.3K,22%,432,2:17,21K,237:39:00,5,814.82
April 2020,"14 Data Science Projects to do During Your 14 Day Quarantine
In Towards Data ScienceView storyDetails",objective,202K,50K,25%,1.1K,2:01,38K,247:15:00,7,751.23
January 2020,"An Extensive Step by Step Guide to Exploratory Data Analysis
In Towards Data ScienceView storyDetails",objective,70K,28K,41%,402,4:21,17.8K,274:22:00,9,743.07
January 2020,"Google’s Data Science Interview Brain Teasers
In Towards Data ScienceView storyDetails",objective,38K,15.5K,41%,282,3:29,19.3K,264:16:00,5,669.89
January 2020,"Microsoft Data Science Interview Questions and Answers!
In Towards Data ScienceView storyDetails",objective,37K,10.5K,28%,342,3:18,15.1K,206:02:00,8,530.67
February 2020,"5 Common SQL Interview Problems for Data Scientists
In Towards Data ScienceView storyDetails",objective,89K,21K,24%,330,4:57,11.8K,189:30:00,6,521.29
January 2020,"Basic Statistics You NEED to Know for Data Science
In Towards Data ScienceView storyDetails",objective,44K,21K,47%,533,3:28,15.2K,203:42:00,6,513.86
October 2020,"120+ Data Scientist Interview Questions and Answers You Should Know in 2021
In Towards Data ScienceView storyDetails",objective,26K,4.2K,16%,294,7:46,7.3K,197:26:00,48,476.89
January 2021,"7 Most Recommended Skills to Learn in 2021 to be a Data Scientist
In Towards Data ScienceView storyDetails",subjective,67K,13.3K,20%,435,2:13,22K,119:27:00,6,442.79
June 2020,"How to Explain Each Machine Learning Model at an Interview
In Towards Data ScienceView storyDetails",objective,44K,15.9K,36%,496,3:59,11.3K,151:26:00,6,399.81
October 2020,"4 Reasons Why You Shouldn’t Be a Data Scientist
In Towards Data ScienceView storyDetails",subjective,71K,28K,40%,295,2:55,19.6K,103:21:00,4,386.14
September 2020,"How I Consistently Improve My Machine Learning Models From 80% to Over 90% Accuracy
In Towards Data ScienceView storyDetails",objective,21K,10.4K,49%,340,2:29,11.2K,138:57:00,5,366.17
December 2020,"12 Data Science Projects for 12 Days of Christmas
In Towards Data ScienceView storyDetails",objective,54K,13.6K,25%,394,2:11,14.1K,108:25:00,8,354.82
November 2020,"New Amazon Data Scientist Interview Practice Problems for 2021
In Towards Data ScienceView storyDetails",objective,7K,2.5K,36%,162,4:45,5K,121:06:00,7,351.49
July 2020,"3 Ways to Get Real-Life Data Science Experience Before Your First Job
In Towards Data ScienceView storyDetails",subjective,102K,34K,34%,778,2:54,21K,109:56:00,5,336.45
November 2020,"Ten of the Best Data Visualizations Created In 2020
In Towards Data ScienceView storyDetails",subjective,10.3K,3K,29%,184,3:38,5.5K,98:03:00,5,318.65
April 2020,"The Amazon Machine Learning Engineer Interview
In Towards Data ScienceView storyDetails",objective,40K,24K,60%,115,2:52,7.9K,93:23:00,4,287.55
April 2020,"How to Build a Simple Marketing Mix Model with Python
In Towards Data ScienceView storyDetails",objective,19.1K,10.1K,53%,117,4:05,3.5K,87:20:00,7,268.03
November 2020,"6 Things About Data Science that Employers Don’t Want You to Know
In Towards Data ScienceView storyDetails",subjective,24K,8.2K,33%,149,3:32,6.3K,81:07:00,6,266.56
October 2020,"Ten Machine Learning Concepts You Should Know for Data Science Interviews
In Towards Data ScienceView storyDetails",objective,46K,9.5K,20%,209,3:17,10.7K,78:33:00,9,255.39
March 2020,"20 Machine Learning Interview Questions You Must Know
In Towards Data ScienceView storyDetails",objective,35K,10.7K,30%,118,4:14,3.7K,91:51:00,9,241.50
November 2020,"Building Simulations in Python — A Step by Step Walkthrough
In Towards Data ScienceView storyDetails",objective,28K,8.5K,30%,146,3:21,7.9K,70:08:00,12,232.83
October 2020,"How to Get Into Data Science Without a Degree
In Towards Data ScienceView storyDetails",subjective,42K,13.1K,31%,220,3:42,8.7K,68:18:00,6,232.08
July 2020,"3 Statistics Concepts You Should Know for Data Science Interviews
In Towards Data ScienceView storyDetails",objective,31K,14.6K,46%,162,2:28,7.1K,72:13:00,5,224.50
March 2020,"Coronavirus data visualizations using Plotly
In Towards Data ScienceView storyDetails",objective,73K,14.1K,19%,181,2:38,8.9K,74:49:00,5,222.86
February 2021,"Introducing dbt, the ETL & ELT Disrupter
In Towards Data ScienceView storyDetails",subjective,5.1K,1.3K,27%,87,3:36,3.5K,67:41:00,6,216.71
April 2020,"The Facebook Data Analyst Interview
In Towards Data ScienceView storyDetails",objective,35K,12.6K,35%,112,3:42,4.6K,74:36:00,5,216.00
March 2020,"20 Minute Data Science Crash Course for 2020
In Towards Data ScienceView storyDetails",objective,11.3K,3.4K,30%,222,5:34,4.7K,90:09:00,20,212.99
March 2021,"Ten Advanced SQL Concepts You Should Know for Data Science Interviews
In Towards Data ScienceView storyDetails",objective,21K,2.4K,12%,173,4:31,5.3K,76:46:00,8,205.77
December 2020,"Ten Deep Learning Concepts You Should Know for Data Science Interviews
In Towards Data ScienceView storyDetails",objective,26K,7.2K,28%,175,3:38,5.9K,65:25:00,6,199.82
February 2021,"50+ Statistics Interview Questions and Answers for Data Scientists for 2021
In Towards Data ScienceView storyDetails",objective,10.4K,779,7%,125,5:36,4.7K,69:08:00,21,189.22
May 2020,"Understanding the Confusion Matrix and How to Implement it in Python
In Towards Data ScienceView storyDetails",objective,59K,32K,55%,60,2:23,2.3K,61:25:00,6,186.30
March 2020,"Facebook’s Data Science Interview Practice Problems
In Towards Data ScienceView storyDetails",objective,14K,3.8K,27%,71,4:06,3.2K,73:39:00,9,182.06
January 2021,"4 Machine Learning Concepts I Wish I Knew When I Built My First Model
In Towards Data ScienceView storyDetails",subjective,12.7K,2.3K,19%,171,2:25,5.3K,63:53:00,6,181.06
September 2020,"5 Things I Wish I Knew When I Started Learning Data Science
In Towards Data ScienceView storyDetails",subjective,26K,11.1K,42%,206,3:42,7.8K,59:13:00,6,177.87
July 2020,"An Integrals Crash Course for Data Science
In Towards Data ScienceView storyDetails",objective,13.5K,5.6K,41%,116,3:28,6.8K,62:21:00,6,175.13
May 2020,"30+ Data Science Interview Questions from FAANG Tech Giants
In Towards Data ScienceView storyDetails",objective,7.6K,1.8K,24%,84,5:16,2.9K,70:00:00,21,161.63
March 2020,"How To Visualize the Coronavirus Pandemic with Choropleth Maps
In Towards Data ScienceView storyDetails",objective,24K,8.3K,34%,125,3:20,12.7K,53:50:00,4,157.35
May 2020,"A/B Testing with Chi-Squared Test to Maximize Conversions and CTRs
In Towards Data ScienceView storyDetails",objective,10.8K,4.5K,41%,80,4:58,10.8K,53:48:00,7,156.10
June 2020,"A Mathematical Explanation of Naive Bayes in 5 Minutes
In Towards Data ScienceView storyDetails",objective,13.2K,5.4K,41%,117,4:49,4.4K,64:02:00,6,150.95
February 2020,"A Simple Guide to A/B Testing for Data Science
In Towards Data ScienceView storyDetails",objective,17K,7.3K,43%,105,3:35,4.3K,51:18:00,5,138.48
January 2020,"Linear Regression Explained in 5 Minutes
In Towards Data ScienceView storyDetails",objective,7.9K,3.9K,49%,102,3:49,3.7K,55:20:00,5,134.66
May 2020,"Predicting Wine Quality with Several Classification Techniques
In Towards Data ScienceView storyDetails",objective,35K,15.3K,43%,68,5:06,3.3K,45:00:00,8,132.91
January 2021,"A Complete Guide to Revenue Cohort Analysis in SQL and Python
In Towards Data ScienceView storyDetails",objective,7.9K,1.6K,20%,109,3:39,4.7K,45:53:00,6,132.52
December 2020,"Why I’m Focusing on These Five Data Science Concepts in 2021
In Towards Data ScienceView storyDetails",subjective,8.1K,2.6K,33%,179,2:52,4.2K,43:12:00,5,132.41
January 2020,"How to Evaluate Your Machine Learning Models with Python Code!
In Towards Data ScienceView storyDetails",objective,35K,15.3K,43%,124,2:26,5.3K,48:53:00,6,121.54
November 2020,"10 Examples of Awful Data that I had to work with as a Data Scientist
In Towards Data ScienceView storyDetails",subjective,5.6K,1.99K,35%,69,3:39,2.8K,39:51:00,6,116.78
February 2020,"A Complete Pandas Glossary for Data Science
In Towards Data ScienceView storyDetails",objective,12.3K,4.2K,35%,169,3:46,3.6K,53:33:00,5,116.10
June 2020,"An In-Depth Probability Crash Course for Data Science
In Towards Data ScienceView storyDetails",objective,14.7K,5.5K,38%,112,3:50,4.4K,38:51:00,7,106.88
February 2020,"A Machine Learning Project — Predicting Used Car Prices
In Towards Data ScienceView storyDetails",objective,14.6K,5.9K,41%,68,4:57,4K,40:26:00,8,105.78
April 2020,"Top SQL Interview Questions You Should Know in 2020
In Towards Data ScienceView storyDetails",objective,11.6K,2.8K,24%,90,3:42,3.2K,45:28:00,5,105.09
April 2021,"A Comprehensive Statistics and Probability Cheat Sheet for Data Science Interviews
In Towards Data ScienceView storyDetails",objective,23K,2K,9%,112,3.38,3.4K,36:02:00,10,103.03
March 2020,"How I got a job as a Data Scientist without a STEM background
In Towards Data ScienceView storyDetails",subjective,25K,6.9K,28%,105,3:38,2.9K,36:27:00,6,102.06
March 2021,"The Most In-Demand Skills for Data Scientists in 2021
In Towards Data ScienceView storyDetails",objective,28K,4.7K,17%,104,2:47,5.9K,29:11:00,5,101.37
January 2021,"Five Bad Habits Every Data Scientist Should Avoid
In Towards Data ScienceView storyDetails",subjective,10.8K,1.5K,14%,98,2:20,2.9K,33:32:00,7,100.23
April 2020,"Apple Data Scientist Interview Questions and Answers!
In Towards Data ScienceView storyDetails",objective,12.1K,4.3K,36%,66,2:28,1.7K,33:03:00,5,95.79
April 2021,"Nine Emerging Python Libraries You Should Add to Your Data Science Toolkit in 2021
In Towards Data ScienceView storyDetails",subjective,20K,5.6K,27%,179,2:56,"6,2K",52:43:00,6,92.47
July 2020,"What is Bootstrap Sampling in Machine Learning and Why is it Important?
In Towards Data ScienceView storyDetails",objective,13.2K,7K,53%,55,2:03,3.2K,34:54:00,3,92.38
February 2020,"What is statistical bias and why is it so important in data science?
In Towards Data ScienceView storyDetails",objective,27K,8.9K,33%,86,2:09,2.7K,33:35:00,4,89.91
January 2021,"How to Hyper-Learn Data Science
In Towards Data ScienceView storyDetails",subjective,3.4K,1.2K,37%,105,2:24,2.6K,31:16:00,5,89.45
October 2020,"3 Ways to Get Real-Life SQL Experience Before Your First Job
In Towards Data ScienceView storyDetails",subjective,22K,6.1K,27%,120,2:56,3.3K,26:27:00,3,87.29
February 2020,"Hypothesis Testing Explained as Simply as Possible
In Towards Data ScienceView storyDetails",objective,11K,5.6K,51%,80,3:19,2.4K,36:47:00,4,86.36
July 2020,"6 Incredible Resources to Learn Advanced SQL
In Towards Data ScienceView storyDetails",objective,20K,8.6K,42%,107,2:36,5K,28:05:00,3,85.34
August 2020,"Here are 5 Free Natural Language Processing Courses From Top Universities
In Towards Data ScienceView storyDetails",objective,19.4K,9.3K,48%,60,2:34,2.8K,21:47:00,4,80.87
April 2021,"Here’s the Truth About Making a Career Switch into Data Science.
In Towards Data ScienceView storyDetails",subjective,31K,5.3K,17%,82,2:16,3.8K,41:48:00,5,79.14
December 2020,"How to Simulate a Pandemic in Python
In Towards Data ScienceView storyDetails",objective,9.7K,2.8K,29%,76,3:01,2.7K,25:28:00,13,74.58
April 2020,"A Beginner’s Guide on Machine Learning Model Monitoring
In Towards Data ScienceView storyDetails",objective,9.4K,4.6K,50%,19,3:30,1.2K,22:12:00,7,74.45
February 2021,"Introducing Distance Correlation, a Superior Correlation Metric.
In Towards Data ScienceView storyDetails",objective,4.3K,1.2K,28%,66,2.23,1.7K,26:55:00,4,72.03
December 2020,"From a Self-Taught Data Scientist, Here’s Why You Shouldn’t Use Bootcamps.
In Towards Data ScienceView storyDetails",subjective,3.4K,1.2K,36%,59,3:34,1.6K,25:19:00,6,70.96
March 2021,"Five Best Practices for Writing Clean and Professional SQL Code
In Towards Data ScienceView storyDetails",objective,9.4K,1.8K,20%,75,3:53,2.3K,25:07:00,6,68.37
April 2020,"What’s the Difference Between a Data Scientist, Research Scientist, and an Applied Scientist?
In Towards Data ScienceView storyDetails",objective,12.3K,3K,25%,37,2:39,1.1K,16:56:00,3,66.82
February 2021,"Understanding Feature Importance and How to Implement it in Python
In Towards Data ScienceView storyDetails",objective,7.3K,773,10%,42,3.41,1.2K,21:30:00,7,65.80
April 2020,"Basic Business Concepts You NEED to Know as a Data Scientist
In Towards Data ScienceView storyDetails",objective,8.9K,3.2K,36%,66,3:59,2K,27:51:00,7,65.48
January 2020,"More Microsoft Data Science Interview Questions and Answers
In Towards Data ScienceView storyDetails",objective,5K,1.5K,31%,45,3:09,5K,27:03:00,9,61.02
November 2020,"How to Write All of Your SQL Queries in Pandas
In Towards Data ScienceView storyDetails",objective,4K,1.2K,32%,100,2:07,2.2K,21:19:00,4,58.46
June 2020,"A Beginner-Friendly Explanation of How Neural Networks Work
In Towards Data ScienceView storyDetails",objective,8.2K,3.2K,39%,34,4:52,3.4K,20:56:00,6,55.51
February 2021,"Gradio vs Streamlit vs Dash vs Flask
In Towards Data ScienceView storyDetails",objective,4.5K,766,17%,48,2:01,937,20:36:00,5,55.34
April 2020,"What Does it Mean to Deploy A Machine Learning Model?
In Towards Data ScienceView storyDetails",objective,8.4K,3.3K,39%,38,2:25,1.1K,22:08:00,4,55.11
June 2020,"Real-life Examples of Discriminating Artificial Intelligence
In Towards Data ScienceView storyDetails",objective,18.5K,7.2K,39%,11,2:22,599,8:56:00,4,55.06
April 2020,"Top 10 Websites & Resources for Your Data Science Job Hunt
In Towards Data ScienceView storyDetails",objective,16.2K,5.5K,34%,69,2:35,2.1K,17:31:00,5,54.58
May 2020,"7 Data Science Project Ideas for Aspiring Data Scientists
In Towards Data ScienceView storyDetails",objective,18.2K,10.3K,57%,63,1:27,3.3K,20:18:00,4,54.32
May 2020,"SQL Case Study: Investigating a Drop in User Engagement
In Towards Data ScienceView storyDetails",objective,4.3K,1.4K,33%,36,4:26,1.8K,23:45:00,9,54.05
January 2020,"Learn Beginner SQL in 5 steps in 5 minutes!
In Towards Data ScienceView storyDetails",objective,10K,4K,41%,71,3:45,10K,21:25:00,5,52.44
December 2020,"Chatting with a Data Expert From Google, Christina Stathopoulos!
In Towards Data ScienceView storyDetails",subjective,1.8K,737,39%,52,3:30,1K,18:49:00,6,48.33
September 2020,"5 Most Useful Window Functions In SQL You Should Know
In Towards Data ScienceView storyDetails",objective,3K,1.5K,49%,64,2:16,1.4K,16:42:00,4,46.33
February 2021,"21 Tips for Every Data Scientist for 2021
In Towards Data ScienceView storyDetails",subjective,2.5K,385,15%,61,3:53,1.2K,18:51:00,8,46.14
March 2020,"The Basics You NEED to Know to be a Data Scientist in 20 Minutes
In Towards Data ScienceView storyDetails",objective,2.1K,646,30%,58,5:49,1.3K,22:43:00,20,46.01
March 2020,"Here’s where you can see Live Updates and Statistics on the Coronavirus
In Towards Data ScienceView storyDetails",objective,68K,23K,34%,33,1:08,2.6K,17:35:00,3,45.86
September 2020,"SQL Window (Analytic) Functions Explained in 4 minutes
In Towards Data ScienceView storyDetails",objective,2.2K,1.1K,52%,81,2:17,1.5K,17:17:00,4,45.83
April 2020,"How to be a Data Analyst in 2020
In Towards Data ScienceView storyDetails",subjective,4.4K,2.5K,57%,60,2:27,1.92K,17:31:00,6,45.83
December 2020,"Five Ways to Significantly Improve Your Python Code in 2021
In Towards Data ScienceView storyDetails",objective,1.94K,1K,51%,39,2:06,1.3K,20:10:00,5,45.20
July 2020,"A Mathematical Explanation of AdaBoost in 5 Minutes
In Towards Data ScienceView storyDetails",objective,4.8K,2K,43%,46,4:06,1.7K,19:34:00,5,42.12
April 2020,"Here’s What a Data Analyst Actually Does
In Towards Data ScienceView storyDetails",subjective,7.8K,3.9K,50%,72,2:50,2.3K,16:22:00,3,42.04
July 2020,"Ensemble Learning, Bagging, and Boosting Explained in 3 Minutes
In Towards Data ScienceView storyDetails",objective,4.8K,2.4K,51%,52,3:35,2.2K,16:31:00,3,41.59
December 2020,"3 Deep Learning Projects Using Keras That You Can Complete Today
In Towards Data ScienceView storyDetails",objective,13.9K,4.3K,31%,55,2:42,2.3K,14:36:00,5,39.19
January 2021,"Chatting with the VP of Data & Analytics at Geotab, Mike Branch!
In Towards Data ScienceView storyDetails",subjective,1.8K,303,17%,28,3:41,510,10:13:00,7,38.36
April 2020,"An Introduction to Nine Essential Machine Learning Algorithms
In Towards Data ScienceView storyDetails",objective,3.8K,1.3K,35%,60,2:23,1.95K,16:49:00,7,38.32
September 2020,"How To Prepare Your Data for Your Machine Learning Model
In Towards Data ScienceView storyDetails",objective,2.4K,1K,42%,46,3:05,1.1K,14:33:00,7,36.03
November 2020,"DeepMind Makes History Again By Solving a 50-Year-Old Problem In Biology
In Towards Data ScienceView storyDetails",objective,1.6K,542,33%,37,1:28,1.1K,12:57:00,3,33.95
February 2021,"A Mathematical Explanation of Support Vector Machines
In Towards Data ScienceView storyDetails",objective,2.6K,419,16%,37,3:40,1.5K,12:43:00,8,33.49
April 2020,"The Capital One Data Science Interview
In Towards Data ScienceView storyDetails",objective,2.9K,1.6K,55%,13,3:48,597,10:30:00,5,32.34
January 2021,"An Extensive Guide to Confidence Intervals and Why You Need to Know it
In Towards Data ScienceView storyDetails",objective,1K,339,31%,32,2:22,798,11:21:00,5,32.17
October 2020,"Four Types of Random Sampling Techniques Explained with Visuals
In Towards Data ScienceView storyDetails",objective,38K,10.6K,27%,46,3:37,1.2K,10:30:00,4,29.07
November 2020,"Six Ways to Get More Exposure as an Aspiring Data Scientist
In Towards Data ScienceView storyDetails",subjective,1.4K,684,46%,46,2:48,916,10:19:00,5,27.65
January 2020,"My Random Forest Model after Seven Weeks of Learning Data Science
In Towards Data ScienceView storyDetails",subjective,1.94K,575,30%,38,3:39,1.2K,12:45:00,9,25.45
March 2021,"Beginner to Advanced List Comprehension Practice Problems
In Towards Data ScienceView storyDetails",objective,1.3K,365,28%,30,2.19,832,8:40:00,3,25.40
March 2021,"Several Model Validation Techniques in Python
In Towards Data ScienceView storyDetails",objective,4.2K,604,14%,24,2:08,986,10:09:00,7,25.26
January 2020,"An Intuitive Explanation of Gradient Descent
In Towards Data ScienceView storyDetails",objective,3K,1.4K,47%,39,3:57,952,9:43:00,5,24.39
July 2020,"An In-Depth Crash Course on Random Variables
In Towards Data ScienceView storyDetails",objective,2.3K,796,33%,28,3:11,733,10:34:00,6,22.83
March 2021,"Five Technologies to Deploy Your Machine Learning Models
In Towards Data ScienceView storyDetails",objective,1.8K,512,28%,26,2:52,977,10:27:00,5,22.33
June 2020,"How to Approach a Machine Learning Project from Beginning to End
In Towards Data ScienceView storyDetails",objective,2.7K,1.3K,51%,34,2:13,1.4K,8:44:00,5,21.91
April 2020,"How Finding a Data Science Job is like Buying a New Car
In Towards Data ScienceView storyDetails",subjective,4.7K,2.1K,45%,22,2:01,718,7:32:00,5,19.05
April 2020,"Why Machine Learning Models Hate “Change”
In Towards Data ScienceView storyDetails",subjective,1.5K,620,40%,22,3:31,653,8:47:00,5,18.91
May 2020,"Netflix Data Science Interview Practice Problems
In Towards Data ScienceView storyDetails",objective,1.3K,672,51%,21,2:17,769,7:36:00,5,17.24
December 2020,"Interviewing StatQuest’s Founder and CEO, Josh Starmer!
In Towards Data ScienceView storyDetails",subjective,1.6K,646,39%,32,2:54,412,7:09:00,4,16.99
July 2020,"How Artificial Intelligence is Transforming Business in 2020
In Towards Data ScienceView storyDetails",subjective,1.5K,697,45%,21,3:02,432,5:00:00,7,12.82
March 2020,"A Guide to Build Your First Machine Learning Model and Start Your Data Science Career
In Towards Data ScienceView storyDetails",subjective,2.1K,865,40%,29,2:56,806,6:10:00,5,12.42
October 2020,"3 NEW Datasets to use for Your Geospatial Analysis Data Science Projects
In Towards Data ScienceView storyDetails",objective,1K,521,48%,11,1:06,513,2:53:00,3,7.56
May 2020,"Visualizing Covid-19’s Impact on the Global Economy
In Towards Data ScienceView storyDetails",objective,1.6K,810,50%,7,2:51,431,2:04:00,5,6.10